user_id,first_name,last_name,street,street_2,city,state,zip
10,Terry,Skiles,235 Cyrus Pines,Suite 175,Faheyton,IN,43553
4,Anabel,Murazik,6351 Claud Rue,Apt. 613,New Gidget,LA,72416
9,Damion,Grant,9411 Sid Trail,Suite 138,North Hansberg,NH,96389
17,Tory,Predovic,1432 Myles Falls,Suite 293,Binsburgh,MI,27360
18,Pearlene,Ferry,222 Brock Manor,Suite 836,North Chantelland,MT,47714
1,Kendrick,O'Connell,659 Kilback Vista,Suite 737,Wintheisershire,TN,73145
13,Doretha,Greenholt,9556 Ena Light,Suite 671,Hermistonhaven,FL,68485
13,Marcy,Walter,63650 Mose Rest,Apt. 979,Lake Angelenaborough,KY,40803
13,Deborah,Lowe,7970 Williams Roads,Suite 476,Lake Jeraldshire,MI,25410
15,Cody,Tromp,36480 Heller Mission,Apt. 398,O'Reillybury,SD,59301
16,Terrance,Nitzsche,27224 Crist Shoals,Apt. 273,West Markhaven,MA,83187
4,Reynalda,Lakin,1360 Kshlerin Fort,Suite 698,Gerardohaven,MA,36552
15,Jerrold,Stroman,2539 Hamill Passage,Suite 514,Ivanstad,LA,30669
12,Shanice,Maggio,20186 Borer Rue,Apt. 705,Taryntown,IN,85336
4,Sherilyn,Nienow,912 Detra Cliff,Suite 667,West Georgiann,FL,54340
3,Frederica,Crist,6658 Beier Lakes,Suite 513,North Gabrielfort,NJ,43328
4,Jamar,Heidenreich,21239 Shanae Center,Suite 810,Port Claudiaview,NJ,78280
2,Hassan,Wilkinson,2034 Veola Forest,Apt. 282,North Heath,WI,29618
10,Jewel,Parisian,40697 Magali Centers,Apt. 827,Kuhlmanberg,ID,77057
17,Lenard,Harber,128 Dach Route,Apt. 578,Port Alisonbury,OH,53501
